{"type":"Scene","props":{"width":1125,"height":2436},"compId":2,"child":[{"type":"Image","props":{"y":0,"x":-138,"width":1400,"var":"bg","skin":"mining/mohu2.jpg","sizeGrid":"30,30,30,30","height":2436},"compId":3},{"type":"Image","props":{"y":462,"x":177,"width":771,"skin":"mining/img_mohu.png","height":771},"compId":4,"child":[{"type":"Image","props":{"y":205,"x":205,"width":360,"skin":"game/img_gold_big.png","height":360},"compId":5}]},{"type":"Image","props":{"y":1365,"x":174,"skin":"mining/img_tip.png"},"compId":6},{"type":"Label","props":{"y":1369,"x":230,"wordWrap":true,"width":718,"text":"凸币作为凸物流通的唯一虚拟货币，通过多种方式获取，可用于购买凸币商城限量潮品。凸币商城潮品只能使用凸币购买！","leading":20,"height":182,"fontSize":42,"color":"#ffffff"},"compId":7},{"type":"HTMLDivElement","props":{"width":"100","var":"_html","innerHTML":"htmlText","height":"100","runtime":"Laya.HTMLDivElement"},"compId":8},{"type":"Button","props":{"var":"btn_close","top":153,"stateNum":1,"skin":"mining/btn_close.png","right":48},"compId":9}],"loadList":["mining/mohu2.jpg","mining/img_mohu.png","game/img_gold_big.png","mining/img_tip.png","mining/btn_close.png"],"loadList3D":[]}