{"type":"Scene","props":{"width":1125,"height":2436},"compId":2,"child":[{"type":"Image","props":{"y":0,"x":-138,"width":1400,"var":"bg","skin":"mining/mohu2.jpg","sizeGrid":"30,30,30,30","height":2436},"compId":3},{"type":"Image","props":{"y":324,"x":177,"width":771,"skin":"mining/img_mohu.png","height":771},"compId":4,"child":[{"type":"Panel","props":{"y":115,"x":58,"width":654,"var":"_panel","height":540},"compId":20,"child":[{"type":"Image","props":{"y":20,"x":77,"var":"img_good","skin":"mining/img_xuezi.png","pivotY":0,"pivotX":0},"compId":9}]}]},{"type":"Button","props":{"y":10,"x":10,"var":"btn_close","top":153,"stateNum":1,"skin":"mining/btn_close.png","right":48},"compId":8},{"type":"Image","props":{"y":1139,"x":177,"width":90,"var":"logo","skin":"mining/img_logo.png","height":90},"compId":10,"child":[{"type":"Sprite","props":{"renderType":"mask"},"compId":18,"child":[{"type":"Circle","props":{"y":45,"x":45,"radius":45,"lineWidth":1,"fillColor":"#ff0000"},"compId":19}]}]},{"type":"Label","props":{"y":1159,"x":302,"width":278,"var":"lab_logo","valign":"middle","text":"logo","overflow":"hidden","height":60,"fontSize":42,"color":"#ffffff"},"compId":11},{"type":"Label","props":{"y":1269,"x":183,"wordWrap":true,"width":771,"var":"lab_good_m","valign":"top","text":"VANS范斯万斯SK8-HI高帮可裁剪DIY休闲板鞋男女情侣款 ","overflow":"hidden","leading":20,"height":50,"fontSize":42,"color":"#ffffff","align":"left"},"compId":12},{"type":"Label","props":{"y":1399,"x":183,"wordWrap":true,"width":771,"var":"price","valign":"top","text":"价值￥658.00 ","overflow":"hidden","leading":20,"height":43,"fontSize":42,"color":"#FDC001","align":"left"},"compId":13},{"type":"Label","props":{"y":1331,"x":184,"wordWrap":true,"width":347,"var":"chicun","valign":"top","text":"宝物尺码：US8","overflow":"hidden","leading":20,"height":43,"fontSize":36,"color":"#ffffff","align":"left"},"compId":15},{"type":"Label","props":{"y":1467,"x":183,"wordWrap":true,"width":771,"var":"jieshao","valign":"top","text":"Vans通过引入ComfyCush技术，重新焕发了传奇的Sk8 Hi轮廓：一种柔软、缓震的新外底，赋予麂皮帆布ComfyCush Sk8 Hi一流贴合感，感觉就像在云中行走。","overflow":"hidden","leading":20,"height":147,"fontSize":36,"color":"#ffffff","align":"left"},"compId":16},{"type":"Button","props":{"y":1664,"x":177,"width":771,"var":"btn_ljdh","stateNum":1,"skin":"mining/btn_ljdh.png","height":120},"compId":17}],"loadList":["mining/mohu2.jpg","mining/img_mohu.png","mining/img_xuezi.png","mining/btn_close.png","mining/img_logo.png","mining/btn_ljdh.png"],"loadList3D":[]}