{"type":"Scene","props":{"width":1125,"height":711},"compId":2,"child":[{"type":"Image","props":{"y":0,"x":9,"var":"img_bg_treasure","skin":"mining/img_hdb.png","sizeGrid":"141,0,0,68"},"compId":12,"child":[{"type":"Panel","props":{"y":458,"x":50,"width":1009,"var":"panel","height":247},"compId":25,"child":[{"type":"View","props":{"y":0,"x":0,"width":957,"var":"view_p"},"compId":44}]},{"type":"Label","props":{"y":483,"x":68,"visible":false,"var":"txtTodayLucky","text":"今日幸运宝藏","fontSize":36,"color":"#FDC001"},"compId":47}]}],"loadList":["mining/img_hdb.png"],"loadList3D":[]}