{"type":"View","props":{"width":516,"height":96},"compId":2,"child":[{"type":"Image","props":{"y":0,"x":0,"skin":"mining/img_rank_item_bg.png"},"compId":17},{"type":"Image","props":{"y":30,"x":260,"var":"imgBox","skin":"mining/img_rank_box2.png","anchorY":0.5},"compId":8,"child":[{"type":"Image","props":{"y":16,"x":98,"var":"imgGe","skin":"mining/img_number9.png","anchorY":0.5,"anchorX":0.5},"compId":33},{"type":"Image","props":{"y":16,"x":80,"var":"imgShi","skin":"mining/img_number8.png","anchorY":0.5,"anchorX":0.5},"compId":34}]},{"type":"Label","props":{"y":48,"x":79,"width":245,"var":"txtName","valign":"middle","text":"奥特曼","height":42,"fontSize":24,"color":"#ffffff","anchorY":0.5,"align":"left"},"compId":7},{"type":"Label","props":{"y":45,"x":505,"var":"txtGold","valign":"middle","text":"99999","italic":true,"height":43,"fontSize":32,"color":"#ffffff","bold":true,"anchorY":0.5,"anchorX":1,"align":"right"},"compId":11},{"type":"Image","props":{"y":45,"x":387,"var":"imgGold","skin":"game/img_gold.png","anchorY":0.5},"compId":12},{"type":"Label","props":{"y":60,"x":183,"width":325,"var":"txtLucky","text":"运气爆棚，挖到的实物奖品价值000凸币","height":24,"fontSize":24,"font":"SimSun","color":"#ffffff","align":"right"},"compId":14},{"type":"Image","props":{"y":48,"x":48,"width":56,"var":"imgHead","height":56,"anchorY":0.5,"anchorX":0.5},"compId":4,"child":[{"type":"Sprite","props":{"renderType":"mask"},"compId":15,"child":[{"type":"Circle","props":{"y":42,"x":42,"radius":42,"fillColor":"#ff0000"},"compId":16}]}]},{"type":"Sprite","props":{"y":23,"x":324,"width":56,"var":"spPrize1","height":56},"compId":40,"child":[{"type":"Image","props":{"y":0,"x":0,"width":56,"skin":"mining/img_icon_bg.png","name":"bg","height":56,"sizeGrid":"20,20,20,20"},"compId":41},{"type":"Image","props":{"y":23,"x":23,"width":46,"var":"imgItem1","skin":"mining/img_bg_12.png","height":46,"anchorY":0.5,"anchorX":0.5},"compId":42},{"type":"Image","props":{"width":56,"var":"imgStatus1","skin":"mining/img_bg_12_2.png","height":56,"sizeGrid":"12,12,12,12"},"compId":43,"child":[{"type":"Image","props":{"y":32,"x":32,"skin":"mining/img_exchanged.png"},"compId":44}]}]},{"type":"Sprite","props":{"y":23,"x":258,"width":56,"var":"spPrize2","height":56},"compId":35,"child":[{"type":"Image","props":{"y":0,"x":0,"width":56,"skin":"mining/img_icon_bg.png","name":"bg","height":56,"sizeGrid":"20,20,20,20"},"compId":36},{"type":"Image","props":{"y":23,"x":23,"width":46,"var":"imgItem2","skin":"mining/img_bg_12.png","height":46,"anchorY":0.5,"anchorX":0.5},"compId":37},{"type":"Image","props":{"width":56,"var":"imgStatus2","skin":"mining/img_bg_12_2.png","height":56,"sizeGrid":"12,12,12,12"},"compId":38,"child":[{"type":"Image","props":{"y":32,"x":32,"skin":"mining/img_exchanged.png"},"compId":39}]}]},{"type":"Sprite","props":{"y":21,"x":190,"width":56,"var":"spPrize3","height":56},"compId":18,"child":[{"type":"Image","props":{"y":0,"x":0,"width":56,"skin":"mining/img_icon_bg.png","name":"bg","height":56,"sizeGrid":"20,20,20,20"},"compId":21},{"type":"Image","props":{"y":23,"x":23,"width":46,"var":"imgItem3","skin":"mining/img_bg_12.png","height":46,"anchorY":0.5,"anchorX":0.5},"compId":22},{"type":"Image","props":{"width":56,"var":"imgStatus3","skin":"mining/img_bg_12_2.png","height":56,"sizeGrid":"12,12,12,12"},"compId":23,"child":[{"type":"Image","props":{"y":32,"x":32,"skin":"mining/img_exchanged.png"},"compId":24}]}]}],"loadList":["mining/img_rank_item_bg.png","mining/img_rank_box2.png","mining/img_number9.png","mining/img_number8.png","game/img_gold.png","mining/img_icon_bg.png","mining/img_bg_12.png","mining/img_bg_12_2.png","mining/img_exchanged.png"],"loadList3D":[]}