{"type":"View","props":{"width":969,"height":210},"compId":2,"child":[{"type":"Image","props":{"y":0,"x":0,"width":969,"skin":"mining/img_bg_24_3.png","name":"bg","height":210,"sizeGrid":"24,24,24,24"},"compId":49},{"type":"Image","props":{"y":33,"x":24,"width":144,"skin":"mining/img_icon_bg.png","height":144,"sizeGrid":"20,20,20,20"},"compId":50},{"type":"Image","props":{"y":93,"x":777,"skin":"mining/img_go_exchange.png"},"compId":51},{"type":"Image","props":{"y":105,"x":96,"width":120,"var":"itemIcon","height":120,"anchorY":0.5,"anchorX":0.5},"compId":46},{"type":"Label","props":{"y":137,"x":186,"width":136,"var":"txtPrice","valign":"middle","text":"100","height":40,"fontSize":36,"color":"#ffffff","bold":true,"align":"left"},"compId":27},{"type":"Label","props":{"y":33,"x":186,"width":196,"var":"txtName","valign":"middle","text":"商品名字","height":40,"fontSize":36,"font":"SimHei","color":"#ffffff","align":"left"},"compId":29}],"loadList":["mining/img_bg_24_3.png","mining/img_icon_bg.png","mining/img_go_exchange.png"],"loadList3D":[]}