{"type":"Scene","props":{"width":1125,"height":2436},"compId":2,"child":[{"type":"Image","props":{"x":-137.5,"width":1400,"visible":false,"top":0,"skin":"mining/img_bg.jpg","name":"bg","height":2436},"compId":4},{"type":"Image","props":{"x":-138,"width":1400,"skin":"mining/img_navbar.png","height":423},"compId":131},{"type":"Image","props":{"y":0,"x":48,"width":1029,"var":"img_bg_treasure","skin":"mining/img_hdb.png","sizeGrid":"0,0,0,0","height":711},"compId":120,"child":[{"type":"Panel","props":{"y":447,"x":24,"width":981,"var":"panel","height":240},"compId":121,"child":[{"type":"View","props":{"y":0,"x":0,"width":957,"var":"view_p"},"compId":122}]},{"type":"Label","props":{"y":483,"x":68,"visible":false,"var":"txtTodayLucky","text":"今日幸运宝藏","fontSize":36,"color":"#FDC001"},"compId":123}]},{"type":"Image","props":{"x":36,"width":42,"top":357,"skin":"game/img_gold.png","height":42},"compId":81},{"type":"HTMLDivElement","props":{"y":362,"x":84,"width":"100","var":"minNumber","height":"100","runtime":"Laya.HTMLDivElement"},"compId":5},{"type":"Label","props":{"x":48,"top":153,"text":"在线挖矿人数","fontSize":30,"color":"#FDC001"},"compId":80},{"type":"Image","props":{"x":37,"width":450,"var":"img_bg_crowd","top":225,"skin":"mining/img_ydb.png","sizeGrid":"20,20,20,20","height":88},"compId":37,"child":[{"type":"Label","props":{"y":11,"x":228,"width":219,"var":"crowdsCount","valign":"middle","text":"5641","height":66,"fontSize":30,"color":"#ffffff","alpha":0.8,"align":"center"},"compId":38},{"type":"Image","props":{"y":0,"x":1,"width":88,"name":"img_crowdIcon","height":88},"compId":39}]},{"type":"Button","props":{"width":68,"visible":false,"var":"btn_back","top":25,"stateNum":1,"skin":"mining/btn_close.png","right":32,"name":"btn_back","height":71},"compId":6},{"type":"Image","props":{"y":1710,"x":878,"var":"kuangbao","skin":"mining/img_bag.png","scaleY":1,"scaleX":1,"rotation":0,"pivotY":185,"pivotX":158},"compId":83},{"type":"Box","props":{"y":0,"x":0,"var":"bagContent"},"compId":114},{"type":"Image","props":{"y":2017,"x":48,"width":1035,"var":"biankuang","skin":"mining/img_bainkuang.png","sizeGrid":"156,375,146,341","left":48,"height":318,"bottom":50},"compId":90,"child":[{"type":"Image","props":{"var":"bg_bag","top":0,"skin":"mining/img_dikaung_da.png","sizeGrid":"0,0,0,0","right":0,"left":0,"bottom":0},"compId":71},{"type":"Label","props":{"y":25,"x":-23,"width":250,"valign":"middle","text":"我的背包","height":60,"fontSize":36,"color":"#FDC001","align":"center"},"compId":72},{"type":"Label","props":{"width":250,"var":"notes","valign":"middle","top":25,"text":"历史记录","right":-21,"height":60,"fontSize":36,"color":"#FFFFFF","alpha":0.65,"align":"center"},"compId":74},{"type":"List","props":{"y":89,"x":30,"width":980,"var":"list_bag","spaceX":27,"selectEnable":true,"repeatY":1,"repeatX":5,"height":216},"compId":75,"child":[{"type":"Box","props":{"y":20,"x":1,"width":174,"renderType":"render","height":174},"compId":76,"child":[{"type":"Image","props":{"y":0,"x":0,"width":174,"skin":"mining/img_bugItem.png","sizeGrid":"0,0,0,0","name":"bg","height":174},"compId":77},{"type":"Image","props":{"y":32,"x":46,"width":82,"skin":"mining/img_gold.png","name":"img_icon","height":82},"compId":78},{"type":"Image","props":{"y":0,"x":0,"visible":false,"top":0,"skin":"mining/img_jingbian.png","right":0,"name":"img_jb","left":0,"bottom":0},"compId":113},{"type":"Label","props":{"y":124,"x":1,"wordWrap":false,"width":173,"valign":"middle","text":"时刻提防阿萨","overflow":"hidden","name":"lab_name","height":42,"fontSize":27,"color":"#FFFFFF","alpha":0.65,"align":"center"},"compId":79}]}]}]},{"type":"Image","props":{"y":567,"x":0,"visible":false,"skin":"mining/img_kuang1.png"},"compId":85},{"type":"Box","props":{"y":766,"x":76,"width":972,"visible":false,"var":"tip2","height":903},"compId":124,"child":[{"type":"Image","props":{"y":-767,"x":-214,"width":1400,"skin":"mining/mohu2.jpg","height":2436},"compId":130},{"type":"Image","props":{"y":-2049,"x":-514,"width":2000,"skin":"mining/img_heidi.png","height":5000},"compId":128},{"type":"Image","props":{"y":0,"x":0,"width":972,"skin":"mining/img_tip_huise.png","height":903},"compId":125},{"type":"Button","props":{"var":"out","stateNum":1,"skin":"mining/btn_mingtianzailai.png","left":81,"bottom":68},"compId":126},{"type":"Label","props":{"y":345,"x":121,"wordWrap":true,"width":730,"text":"当前矿洞资源正在重生，更大宝藏等你发掘，明日请早哦！","name":"content","leading":20,"height":123,"fontSize":45,"font":"Microsoft YaHei","color":"#ffffff"},"compId":127}]}],"loadList":["mining/img_bg.jpg","mining/img_navbar.png","mining/img_hdb.png","game/img_gold.png","mining/img_ydb.png","mining/btn_close.png","mining/img_bag.png","mining/img_bainkuang.png","mining/img_dikaung_da.png","mining/img_bugItem.png","mining/img_gold.png","mining/img_jingbian.png","mining/img_kuang1.png","mining/mohu2.jpg","mining/img_heidi.png","mining/img_tip_huise.png","mining/btn_mingtianzailai.png"],"loadList3D":[]}