{"type":"Scene","props":{"width":1125,"height":2436},"compId":2,"child":[{"type":"Image","props":{"y":0,"x":-138,"width":1400,"var":"bg","skin":"mining/mohu1.jpg","height":2436},"compId":14},{"type":"Image","props":{"y":682,"x":76,"width":972,"visible":false,"var":"tip1","skin":"mining/img_bg3X.png","height":1071},"compId":3,"child":[{"type":"Image","props":{"x":187,"width":598,"top":114,"skin":"mining/img_xiaoren.png","height":531},"compId":5},{"type":"Button","props":{"width":396,"var":"btn_q","stateNum":1,"skin":"mining/btn_quxiao.png","left":90,"height":120,"bottom":72},"compId":6},{"type":"Button","props":{"width":351,"var":"btn_s","stateNum":1,"skin":"mining/btn_qr.png","right":90,"height":120,"bottom":72},"compId":8},{"type":"HTMLDivElement","props":{"width":"100","var":"_html","innerHTML":"htmlText","height":"100","runtime":"Laya.HTMLDivElement"},"compId":9},{"type":"Label","props":{"y":731,"x":98,"width":775,"var":"goldTip","text":"您的凸币余额不足，快去赚凸币吧","height":45,"fontSize":45,"color":"#ffffff","align":"center"},"compId":16}]},{"type":"Box","props":{"y":766,"x":76,"width":972,"visible":false,"var":"tip2","height":903},"compId":12,"child":[{"type":"Image","props":{"y":0,"x":0,"width":972,"skin":"mining/img_tip_huise.png","height":903},"compId":10},{"type":"Button","props":{"var":"out","stateNum":1,"skin":"mining/btn_mingtianzailai.png","left":81,"bottom":68},"compId":11},{"type":"Label","props":{"y":345,"x":121,"wordWrap":true,"width":730,"text":"当前矿洞资源正在重生，更大宝藏等你发掘，明日请早哦！","leading":20,"height":123,"fontSize":45,"font":"Microsoft YaHei","color":"#ffffff"},"compId":13}]}],"loadList":["mining/mohu1.jpg","mining/img_bg3X.png","mining/img_xiaoren.png","mining/btn_quxiao.png","mining/btn_qr.png","mining/img_tip_huise.png","mining/btn_mingtianzailai.png"],"loadList3D":[]}