{"type":"Scene","props":{"width":1125,"height":2436},"compId":2,"child":[{"type":"Image","props":{"x":-137.5,"var":"bg","skin":"mining/img_door.jpg"},"compId":3},{"type":"Image","props":{"y":722,"x":133.052734375,"skin":"mining/img_bg45.png"},"compId":8,"child":[{"type":"Label","props":{"y":66,"x":75,"visible":false,"text":"今日幸运宝藏","fontSize":36,"font":"Microsoft YaHei","color":"#FDC001"},"compId":10},{"type":"Panel","props":{"y":24,"x":21,"width":768,"var":"panel","height":188},"compId":11,"child":[{"type":"View","props":{"y":0,"x":0,"width":757,"var":"view_p","height":0},"compId":12}]}]},{"type":"Button","props":{"y":1533,"width":882,"var":"come","stateNum":1,"skin":"mining/btn_come2.png","left":123,"height":195},"compId":4},{"type":"Box","props":{"x":173,"height":300,"bottom":250},"compId":77,"child":[{"type":"Label","props":{"y":149,"x":198,"text":"*本程序仅限18岁及以上","fontSize":36,"color":"#F7BC64","bottom":115},"compId":6},{"type":"Label","props":{"y":214,"x":0,"text":"*实物奖励兑换有效期为30天，过期后将不可兑换","fontSize":36,"color":"#F7BC64","bottom":50},"compId":76}]}],"loadList":["mining/img_door.jpg","mining/img_bg45.png","mining/btn_come2.png"],"loadList3D":[]}