{"type":"Scene","props":{"width":800,"runtime":"script/GameUI.ts","positionVariance_0":100,"maxPartices":100,"height":70},"compId":1,"child":[{"type":"Sprite","props":{"y":0,"x":0,"width":800,"var":"spContent","height":70},"compId":117,"child":[{"type":"Label","props":{"y":35,"x":0,"text":"恭喜","fontSize":36,"font":"SimHei","color":"#ffffff","anchorY":0.5},"compId":107},{"type":"Label","props":{"y":35,"x":292,"var":"txtItemName","text":"VANS高帮裁切时尚风衣","height":36,"fontSize":36,"font":"SimHei","color":"#ffffff","anchorY":0.5,"align":"left"},"compId":108},{"type":"Image","props":{"y":35,"x":111,"width":60,"var":"imgHead","height":60,"anchorY":0.5,"anchorX":0.5},"compId":110,"child":[{"type":"Sprite","props":{"renderType":"mask"},"compId":121,"child":[{"type":"Circle","props":{"y":30,"x":30,"radius":30,"fillColor":"#ff0000"},"compId":122}]}]},{"type":"Image","props":{"y":5,"x":85,"skin":"mining/img_notice_circle.png"},"compId":124},{"type":"Label","props":{"y":35,"x":156,"var":"txtUserName","text":"凹凸曼","overflow":"hidden","height":36,"fontSize":36,"font":"SimHei","color":"#fdc001","anchorY":0.5},"compId":109}]},{"type":"Sprite","props":{"y":0,"x":0,"width":800,"var":"spMask","renderType":"mask","height":70},"compId":119,"child":[{"type":"Rect","props":{"y":0,"x":0,"width":800,"height":70,"fillColor":"#000000"},"compId":120}]}],"loadList":["mining/img_notice_circle.png"],"loadList3D":[]}