{"type":"Scene","props":{"width":90,"height":750},"compId":2,"child":[{"type":"Image","props":{"y":52,"x":0,"width":90,"var":"scroll_d","skin":"mining/img_scroll_d.png","height":645},"compId":3,"child":[{"type":"Image","props":{"width":39,"var":"scroll_t","top":29,"skin":"mining/img_scroll_red.png","left":25,"height":588},"compId":4}]},{"type":"Label","props":{"y":35,"x":24,"text":"HP","fontSize":30,"color":"#FFC921"},"compId":7},{"type":"Label","props":{"y":696,"x":4,"width":82,"var":"value","valign":"middle","height":30,"fontSize":30,"color":"#FFC921","bottom":24,"align":"center"},"compId":8}],"loadList":["mining/img_scroll_d.png","mining/img_scroll_red.png"],"loadList3D":[]}