{"type":"Scene","props":{"width":750,"positionVariance_0":100,"maxPartices":100,"height":1624},"compId":1,"child":[{"type":"Image","props":{"y":0,"x":0,"var":"imgBg","name":"imgBg"},"compId":71},{"type":"Button","props":{"y":1250,"x":375,"var":"btnClose","stateNum":1,"skin":"mining/btn_close.png","name":"btnClose","anchorY":0.5,"anchorX":0.5},"compId":102},{"type":"Image","props":{"y":448,"x":102,"width":548,"var":"lstBg","skin":"mining/img_bg_30_4.png","height":708,"sizeGrid":"30,30,30,30"},"compId":43},{"type":"Button","props":{"y":380,"x":138,"stateNum":1,"skin":"mining/btn_menu1_sel.png"},"compId":39},{"type":"Button","props":{"y":380,"x":306,"stateNum":1,"skin":"mining/btn_menu2_sel.png"},"compId":40},{"type":"Button","props":{"y":380,"x":474,"stateNum":1,"skin":"mining/btn_menu3_sel.png"},"compId":41},{"type":"Button","props":{"y":414,"x":544,"var":"btn_menu3","stateNum":1,"skin":"mining/btn_menu3.png","name":"btn_menu3","anchorY":0.5,"anchorX":0.5},"compId":46},{"type":"Button","props":{"y":414,"x":376,"var":"btn_menu2","stateNum":1,"skin":"mining/btn_menu2.png","name":"btn_menu2","anchorY":0.5,"anchorX":0.5},"compId":45},{"type":"Button","props":{"y":414,"x":208,"var":"btn_menu1","stateNum":1,"skin":"mining/btn_menu1.png","name":"btn_menu1","anchorY":0.5,"anchorX":0.5},"compId":44},{"type":"List","props":{"y":470,"x":126,"width":774,"var":"lst","spaceY":20,"repeatX":1,"name":"lst","height":888,"elasticEnabled":true},"compId":50,"child":[{"type":"UIView","props":{"pageData":{"type":"View","props":{"width":516,"height":96,"name":"render"},"compId":2,"child":[{"type":"Image","props":{"y":0,"x":0,"skin":"mining/img_rank_item_bg.png"},"compId":17},{"type":"Image","props":{"y":30,"x":260,"var":"imgBox","skin":"mining/img_rank_box2.png","anchorY":0.5},"compId":8,"child":[{"type":"Image","props":{"y":16,"x":98,"var":"imgGe","skin":"mining/img_number9.png","anchorY":0.5,"anchorX":0.5},"compId":33},{"type":"Image","props":{"y":16,"x":80,"var":"imgShi","skin":"mining/img_number8.png","anchorY":0.5,"anchorX":0.5},"compId":34}]},{"type":"Label","props":{"y":48,"x":79,"width":245,"var":"txtName","valign":"middle","text":"奥特曼","height":42,"fontSize":24,"color":"#ffffff","anchorY":0.5,"align":"left"},"compId":7},{"type":"Label","props":{"y":45,"x":505,"var":"txtGold","valign":"middle","text":"99999","italic":true,"height":43,"fontSize":32,"color":"#ffffff","bold":true,"anchorY":0.5,"anchorX":1,"align":"right"},"compId":11},{"type":"Image","props":{"y":45,"x":387,"var":"imgGold","skin":"game/img_gold.png","anchorY":0.5},"compId":12},{"type":"Label","props":{"y":60,"x":183,"width":325,"var":"txtLucky","text":"运气爆棚，挖到的实物奖品价值000凸币","height":24,"fontSize":24,"font":"SimSun","color":"#ffffff","align":"right"},"compId":14},{"type":"Image","props":{"y":48,"x":48,"width":56,"var":"imgHead","height":56,"anchorY":0.5,"anchorX":0.5},"compId":4,"child":[{"type":"Sprite","props":{"renderType":"mask"},"compId":15,"child":[{"type":"Circle","props":{"y":42,"x":42,"radius":42,"fillColor":"#ff0000"},"compId":16}]}]},{"type":"Sprite","props":{"y":23,"x":324,"width":56,"var":"spPrize1","height":56},"compId":40,"child":[{"type":"Image","props":{"y":0,"x":0,"width":56,"skin":"mining/img_icon_bg.png","name":"bg","height":56,"sizeGrid":"20,20,20,20"},"compId":41},{"type":"Image","props":{"y":23,"x":23,"width":46,"var":"imgItem1","skin":"mining/img_bg_12.png","height":46,"anchorY":0.5,"anchorX":0.5},"compId":42},{"type":"Image","props":{"width":56,"var":"imgStatus1","skin":"mining/img_bg_12_2.png","height":56,"sizeGrid":"12,12,12,12"},"compId":43,"child":[{"type":"Image","props":{"y":32,"x":32,"skin":"mining/img_exchanged.png"},"compId":44}]}]},{"type":"Sprite","props":{"y":23,"x":258,"width":56,"var":"spPrize2","height":56},"compId":35,"child":[{"type":"Image","props":{"y":0,"x":0,"width":56,"skin":"mining/img_icon_bg.png","name":"bg","height":56,"sizeGrid":"20,20,20,20"},"compId":36},{"type":"Image","props":{"y":23,"x":23,"width":46,"var":"imgItem2","skin":"mining/img_bg_12.png","height":46,"anchorY":0.5,"anchorX":0.5},"compId":37},{"type":"Image","props":{"width":56,"var":"imgStatus2","skin":"mining/img_bg_12_2.png","height":56,"sizeGrid":"12,12,12,12"},"compId":38,"child":[{"type":"Image","props":{"y":32,"x":32,"skin":"mining/img_exchanged.png"},"compId":39}]}]},{"type":"Sprite","props":{"y":21,"x":190,"width":56,"var":"spPrize3","height":56},"compId":18,"child":[{"type":"Image","props":{"y":0,"x":0,"width":56,"skin":"mining/img_icon_bg.png","name":"bg","height":56,"sizeGrid":"20,20,20,20"},"compId":21},{"type":"Image","props":{"y":23,"x":23,"width":46,"var":"imgItem3","skin":"mining/img_bg_12.png","height":46,"anchorY":0.5,"anchorX":0.5},"compId":22},{"type":"Image","props":{"width":56,"var":"imgStatus3","skin":"mining/img_bg_12_2.png","height":56,"sizeGrid":"12,12,12,12"},"compId":23,"child":[{"type":"Image","props":{"y":32,"x":32,"skin":"mining/img_exchanged.png"},"compId":24}]}]}],"loadList":["mining/img_rank_item_bg.png","mining/img_rank_box2.png","mining/img_number9.png","mining/img_number8.png","game/img_gold.png","mining/img_icon_bg.png","mining/img_bg_12.png","mining/img_bg_12_2.png","mining/img_exchanged.png"],"loadList3D":[]},"name":"render"},"compId":96}]},{"type":"Image","props":{"y":1052,"x":102,"width":548,"skin":"mining/img_bg_30_2.png","height":104,"sizeGrid":"30,30,30,30"},"compId":103},{"type":"Image","props":{"y":1068,"x":142,"width":72,"var":"imgHead","height":72},"compId":97,"child":[{"type":"Sprite","props":{"renderType":"mask"},"compId":104,"child":[{"type":"Circle","props":{"y":54,"x":54,"radius":54,"lineWidth":1,"fillColor":"#ff0000"},"compId":105}]}]},{"type":"Label","props":{"y":1448,"x":126,"width":65,"var":"txtRank","valign":"middle","text":"未上榜","name":"txtRank","height":42,"fontSize":30,"color":"#000000","align":"center"},"compId":98},{"type":"Label","props":{"y":1107,"x":226,"width":136,"var":"txtName","valign":"middle","text":"奥里给","name":"txtName","height":42,"fontSize":28,"color":"#ffffff","anchorY":0.5,"align":"left"},"compId":99},{"type":"Label","props":{"y":1114,"x":614,"var":"txtGold","valign":"top","text":"99999","name":"txtGold","italic":true,"height":54,"fontSize":48,"color":"#ffa820","bold":true,"anchorY":0.5,"anchorX":1,"align":"right"},"compId":100},{"type":"Image","props":{"y":1107,"x":452,"var":"imgGold","skin":"game/img_gold.png","anchorY":0.5,"anchorX":1},"compId":101}],"loadList":["bg_min_rank.png","mining/btn_close.png","mining/img_bg_30_4.png","mining/btn_menu1_sel.png","mining/btn_menu2_sel.png","mining/btn_menu3_sel.png","mining/btn_menu3.png","mining/btn_menu2.png","mining/btn_menu1.png","min/ItemMinRank.scene","mining/img_bg_30_2.png","game/img_gold.png"],"loadList3D":[]}