{"type":"Scene","props":{"width":1125,"positionVariance_0":100,"maxPartices":100,"height":2436},"compId":1,"child":[{"type":"Image","props":{"y":0,"x":0,"var":"imgBg"},"compId":118},{"type":"Sprite","props":{"y":0,"x":0,"width":1125,"var":"spClose","height":2436},"compId":119,"child":[{"type":"Rect","props":{"width":1125,"lineWidth":1,"height":2436,"fillColor":"#000000"},"compId":120}]},{"type":"Sprite","props":{"y":773,"x":42,"width":1041,"visible":true,"var":"spExchange","height":390},"compId":110,"child":[{"type":"Image","props":{"y":0,"x":0,"width":1041,"var":"imgExchangeBg","skin":"mining/img_bg_60_4.png","height":390,"sizeGrid":"60,60,60,60"},"compId":111},{"type":"Label","props":{"y":48,"x":36,"text":"实物奖励兑换有效期为30天，过期后将不可兑换","fontSize":36,"font":"SimHei","color":"#ff9a09"},"compId":112},{"type":"List","props":{"y":129,"x":36,"width":969,"var":"lstExchange","spaceY":20,"repeatX":1,"name":"lstExchange","height":210},"compId":108,"child":[{"type":"UIView","props":{"pageData":{"type":"View","props":{"width":969,"height":210,"name":"render"},"compId":2,"child":[{"type":"Image","props":{"y":0,"x":0,"width":969,"skin":"mining/img_bg_24_3.png","name":"bg","height":210,"sizeGrid":"24,24,24,24"},"compId":49},{"type":"Image","props":{"y":33,"x":24,"width":144,"skin":"mining/img_icon_bg.png","height":144,"sizeGrid":"20,20,20,20"},"compId":50},{"type":"Image","props":{"y":93,"x":777,"skin":"mining/img_go_exchange.png"},"compId":51},{"type":"Image","props":{"y":105,"x":96,"width":120,"var":"itemIcon","height":120,"anchorY":0.5,"anchorX":0.5},"compId":46},{"type":"Label","props":{"y":137,"x":186,"width":136,"var":"txtPrice","valign":"middle","text":"100","height":40,"fontSize":36,"color":"#ffffff","bold":true,"align":"left"},"compId":27},{"type":"Label","props":{"y":33,"x":186,"width":196,"var":"txtName","valign":"middle","text":"商品名字","height":40,"fontSize":36,"font":"SimHei","color":"#ffffff","align":"left"},"compId":29}],"loadList":["mining/img_bg_24_3.png","mining/img_icon_bg.png","mining/img_go_exchange.png"],"loadList3D":[]},"name":"render"},"compId":109}]}]},{"type":"Sprite","props":{"y":1223,"x":42,"width":1041,"visible":true,"var":"spRecord","height":1213},"compId":113,"child":[{"type":"Image","props":{"y":0,"x":0,"width":1041,"var":"maskRecord","skin":"mining/img_bg_60_5.png","renderType":"mask","height":1213,"sizeGrid":"60,60,60,60"},"compId":128},{"type":"Image","props":{"y":0,"x":0,"width":1041,"var":"imgRecordBg","skin":"mining/img_bg_60_5.png","height":1213,"sizeGrid":"60,60,60,60"},"compId":114},{"type":"List","props":{"y":4,"x":0,"width":1041,"visible":true,"var":"lst","spaceY":15,"repeatX":1,"name":"lst","height":1160,"elasticEnabled":true},"compId":50,"child":[{"type":"UIView","props":{"pageData":{"type":"View","props":{"width":969,"height":210,"x":36,"name":"render"},"compId":2,"child":[{"type":"Sprite","props":{"y":0,"x":0,"width":969,"var":"spRecordMonth","name":"spRecordMonth","height":210},"compId":16,"child":[{"type":"Label","props":{"y":52,"x":7,"var":"txtMonth","valign":"middle","text":"5","name":"txtMonth","italic":true,"height":95,"fontSize":108,"font":"Arial","color":"#ffffff","bold":true,"align":"left"},"compId":18},{"type":"Label","props":{"y":52,"x":732,"width":136,"valign":"middle","text":"收入凸币：","height":42,"fontSize":30,"color":"#fff8f8","align":"right"},"compId":19},{"type":"Label","props":{"y":97,"x":142,"var":"txtYearWord","valign":"middle","text":"月         年","height":37,"fontSize":42,"font":"Arial","color":"#ffffff","align":"left"},"compId":26},{"type":"Label","props":{"y":105,"x":870,"width":90,"var":"txtMonthBox","valign":"middle","text":"10","name":"txtMonthBox","height":42,"fontSize":30,"color":"#fff8f8","align":"left"},"compId":27},{"type":"Label","props":{"y":105,"x":732,"width":136,"valign":"middle","text":"挖掘宝藏：","height":42,"fontSize":30,"color":"#fff8f8","align":"right"},"compId":28},{"type":"Label","props":{"y":52,"x":870,"width":90,"var":"txtMonthGold","valign":"middle","text":"99999","height":42,"fontSize":30,"color":"#fff8f8","align":"left"},"compId":29},{"type":"Label","props":{"y":95,"x":186,"width":100,"var":"txtYear","valign":"middle","text":"2021","italic":true,"height":37,"fontSize":42,"font":"Arial","color":"#ffffff","align":"left"},"compId":67},{"type":"Image","props":{"y":90,"x":348,"var":"imgMenuStatus","skin":"mining/img_menu_status.png"},"compId":72},{"type":"Image","props":{"y":171,"x":-36,"var":"imgMenuBottom","skin":"mining/img_record_bottom.png"},"compId":73}]},{"type":"Sprite","props":{"width":969,"var":"spRecord","name":"spRecord","height":210},"compId":15,"child":[{"type":"Image","props":{"y":0,"x":0,"width":969,"var":"bg","skin":"mining/img_record_item_bg.png","height":210},"compId":48},{"type":"Sprite","props":{"y":33,"x":452,"width":84,"var":"spPrize3","height":84},"compId":54,"child":[{"type":"Image","props":{"y":0,"x":0,"width":84,"skin":"mining/img_icon_bg_2.png","name":"bg","height":84},"compId":55},{"type":"Image","props":{"y":42,"x":42,"width":70,"var":"imgItem3","skin":"mining/img_bg_12.png","height":70,"anchorY":0.5,"anchorX":0.5},"compId":56},{"type":"Image","props":{"y":42,"x":42,"width":84,"var":"imgStatus3","skin":"mining/img_bg_12_2.png","height":84,"anchorY":0.5,"anchorX":0.5,"sizeGrid":"12,12,12,12"},"compId":59,"child":[{"type":"Image","props":{"y":48,"x":48,"skin":"mining/img_exchanged.png"},"compId":58}]}]},{"type":"Sprite","props":{"y":33,"x":556,"width":84,"var":"spPrize2","height":84},"compId":51,"child":[{"type":"Image","props":{"y":0,"x":0,"width":84,"skin":"mining/img_icon_bg_2.png","name":"bg","height":84},"compId":52},{"type":"Image","props":{"y":42,"x":42,"width":70,"var":"imgItem2","skin":"mining/img_bg_12.png","height":70,"anchorY":0.5,"anchorX":0.5},"compId":53},{"type":"Image","props":{"y":42,"x":42,"width":84,"var":"imgStatus2","skin":"mining/img_bg_12_2.png","height":84,"anchorY":0.5,"anchorX":0.5,"sizeGrid":"12,12,12,12"},"compId":60,"child":[{"type":"Image","props":{"y":48,"x":48,"skin":"mining/img_exchanged.png"},"compId":61}]}]},{"type":"Sprite","props":{"y":33,"x":654,"width":84,"var":"spPrize1","height":84},"compId":49,"child":[{"type":"Image","props":{"y":0,"x":0,"width":84,"skin":"mining/img_icon_bg_2.png","name":"bg","height":84},"compId":50},{"type":"Image","props":{"y":42,"x":42,"width":70,"var":"imgItem1","skin":"mining/img_bg_12.png","name":"imgItem1","height":70,"anchorY":0.5,"anchorX":0.5},"compId":4},{"type":"Image","props":{"y":42,"x":42,"width":84,"var":"imgStatus1","skin":"mining/img_bg_12_2.png","height":84,"anchorY":0.5,"anchorX":0.5,"sizeGrid":"12,12,12,12"},"compId":62,"child":[{"type":"Image","props":{"y":48,"x":48,"skin":"mining/img_exchanged.png"},"compId":63}]}]},{"type":"Sprite","props":{"y":0,"x":0,"var":"spDesc"},"compId":70,"child":[{"type":"Label","props":{"y":135,"x":27,"width":135,"var":"txtName","valign":"middle","text":"挖矿时间：","height":35,"fontSize":30,"color":"#ffffff","align":"left"},"compId":7},{"type":"Label","props":{"y":135,"x":178,"width":116,"var":"txtTime","valign":"middle","text":"30分钟","height":35,"fontSize":30,"color":"#ffffff","align":"left"},"compId":13},{"type":"Label","props":{"y":135,"x":326,"width":133,"valign":"middle","text":"挖矿次数：","height":35,"fontSize":30,"color":"#ffffff","align":"left"},"compId":36},{"type":"Label","props":{"y":135,"x":462,"width":54,"var":"txtCount","valign":"middle","text":"10","height":35,"fontSize":30,"color":"#ffffff","align":"left"},"compId":37},{"type":"Label","props":{"y":135,"x":544,"width":135,"valign":"middle","text":"消耗体力：","height":35,"fontSize":30,"color":"#ffffff","align":"left"},"compId":38},{"type":"Label","props":{"y":135,"x":688,"width":137,"var":"txtHp","valign":"middle","text":"100","height":35,"fontSize":30,"color":"#ffffff","align":"left"},"compId":39}]},{"type":"Label","props":{"y":59,"x":26,"var":"txtMon","valign":"middle","text":"10","name":"txtMon","italic":true,"height":50,"fontSize":48,"color":"#ffffff","bold":true,"anchorY":0.5,"align":"left"},"compId":30},{"type":"Label","props":{"y":52,"x":816,"width":145,"var":"txtGold","valign":"middle","text":"1000","italic":true,"height":47,"fontSize":48,"color":"#ffffff","bold":true,"align":"left"},"compId":40},{"type":"Label","props":{"y":34,"x":183,"var":"txtDayWord","valign":"middle","text":"日","italic":false,"height":50,"fontSize":48,"color":"#ffffff","bold":false,"align":"left"},"compId":64},{"type":"Label","props":{"y":34,"x":86,"var":"txtMonWord","valign":"middle","text":"月","italic":false,"height":50,"fontSize":48,"color":"#ffffff","bold":false,"align":"left"},"compId":65},{"type":"Label","props":{"y":59,"x":121,"var":"txtDay","valign":"middle","text":"25","name":"txtDay","italic":true,"height":50,"fontSize":48,"color":"#ffffff","bold":true,"anchorY":0.5,"align":"left"},"compId":66},{"type":"Image","props":{"y":75,"x":762,"skin":"game/img_gold.png","anchorY":0.5},"compId":57}]}],"loadList":["mining/img_menu_status.png","mining/img_record_bottom.png","mining/img_record_item_bg.png","mining/img_icon_bg_2.png","mining/img_bg_12.png","mining/img_bg_12_2.png","mining/img_exchanged.png","game/img_gold.png"],"loadList3D":[]},"name":"render"},"compId":106}]}]},{"type":"Image","props":{"y":1786,"x":562.5,"var":"imgNoRecord","skin":"mining/img_record_no.png","anchorY":0.5,"anchorX":0.5},"compId":129}],"loadList":["bg_min_record.png","mining/img_bg_60_4.png","min/ItemMinExchange.scene","mining/img_bg_60_5.png","min/ItemMinRecord.scene","mining/img_record_no.png"],"loadList3D":[]}