{"type":"Scene","props":{"width":1125,"height":2436},"compId":2,"child":[{"type":"Image","props":{"y":0,"x":-138,"width":1400,"skin":"mining/mohu2.jpg","name":"bg","height":2436},"compId":4},{"type":"Image","props":{"y":510,"x":337,"skin":"mining/img_bzt.png"},"compId":5},{"type":"Image","props":{"y":729,"x":293,"width":538,"var":"icon","skin":"mining/img_xuezi.png","height":444},"compId":6},{"type":"Image","props":{"y":891,"x":21,"skin":"mining/img_bz.png"},"compId":7},{"type":"Button","props":{"y":1812,"x":196,"var":"btn_kx","stateNum":1,"skin":"mining/btn_kx.png"},"compId":8}],"loadList":["mining/mohu2.jpg","mining/img_bzt.png","mining/img_xuezi.png","mining/img_bz.png","mining/btn_kx.png"],"loadList3D":[]}