{"Ver":"20210703130736","Items":{"Cfg_Action":[{"actionDirect":5,"actionType":0,"frameCount":5,"frameRate":100,"height":400,"id":1,"offX":190,"offY":355,"skin":"role1_104","width":400},{"actionDirect":4,"actionType":0,"frameCount":5,"frameRate":100,"height":400,"id":2,"offX":210,"offY":315,"skin":"role1_204","width":400},{"actionDirect":5,"actionType":0,"frameCount":5,"frameRate":100,"height":400,"id":3,"offX":210,"offY":285,"skin":"role1_304","width":400},{"actionDirect":4,"actionType":0,"frameCount":5,"frameRate":100,"height":400,"id":4,"offX":200,"offY":355,"skin":"role1_404","width":400}],"Cfg_Frame":[{"count":10,"desc":"","height":258,"id":1,"rate":80,"skin":"mining_frame/role1","width":281},{"count":10,"desc":"","height":258,"id":2,"rate":110,"skin":"mining_frame/role2","width":281},{"count":10,"desc":"","height":258,"id":3,"rate":130,"skin":"mining_frame/role3","width":281}],"Cfg_Level":[{"atk":5,"atkDistance":1280,"cri":20,"criRate":5000,"exp":100,"hp":5,"lvl":1,"moveSpeed":5,"mp":10,"name":"角色1","skin":"role1_104"},{"atk":5,"atkDistance":1280,"cri":20,"criRate":5000,"exp":100,"hp":5,"lvl":2,"moveSpeed":5,"mp":10,"name":"角色2","skin":"role1_204"},{"atk":5,"atkDistance":1280,"cri":20,"criRate":5000,"exp":100,"hp":5,"lvl":3,"moveSpeed":5,"mp":10,"name":"角色3","skin":"role1_304"},{"atk":5,"atkDistance":1280,"cri":20,"criRate":5000,"exp":100,"hp":5,"lvl":4,"moveSpeed":5,"mp":10,"name":"角色4","skin":"role1_404"}],"Cfg_Monster":[{"atk":0,"atkCD":3000,"atkDistance":200,"atkedRadis":100,"atkedX":0,"atkedY":-200,"coin":5000,"hp":1000,"id":1,"moveSpeed":1,"name":"boss","skin":"boss1","type":1}],"Cfg_Skill":[{"actionType":1,"atk":5,"atkCD":250,"atkDistance":1200,"atkEft":1,"atkSound":"","atkX":65,"atkY":0,"atkedEft":3,"atkingCount":1,"atkingEft":2,"atkingRotation":0,"atkingSpeed":80,"atkingX":300,"atkingY":0,"skillId":1,"skillName":"子弹射击","skillType":1,"skin":"role"},{"actionType":1,"atk":10,"atkCD":200,"atkDistance":1200,"atkEft":1,"atkSound":"","atkX":65,"atkY":0,"atkedEft":3,"atkingCount":3,"atkingEft":5,"atkingRotation":15,"atkingSpeed":80,"atkingX":300,"atkingY":-5,"skillId":2,"skillName":"子弹射击","skillType":1,"skin":"role"},{"actionType":0,"atk":10000,"atkCD":100,"atkDistance":0,"atkEft":5,"atkSound":"","atkX":0,"atkY":0,"atkedEft":0,"atkingCount":0,"atkingEft":0,"atkingRotation":0,"atkingSpeed":0,"atkingX":0,"atkingY":0,"skillId":3,"skillName":"挥刀群杀","skillType":2,"skin":"role2"},{"actionType":11,"atk":2,"atkCD":1500,"atkDistance":500,"atkEft":0,"atkSound":"","atkX":0,"atkY":0,"atkedEft":0,"atkingCount":0,"atkingEft":0,"atkingRotation":0,"atkingSpeed":0,"atkingX":0,"atkingY":0,"skillId":4,"skillName":"怪物1攻击","skillType":0,"skin":"mon"},{"actionType":11,"atk":4,"atkCD":1200,"atkDistance":200,"atkEft":0,"atkSound":"","atkX":0,"atkY":0,"atkedEft":0,"atkingCount":0,"atkingEft":0,"atkingRotation":0,"atkingSpeed":0,"atkingX":0,"atkingY":0,"skillId":5,"skillName":"怪物2攻击","skillType":0,"skin":"wolf"},{"actionType":11,"atk":5,"atkCD":3000,"atkDistance":180,"atkEft":0,"atkSound":"","atkX":0,"atkY":0,"atkedEft":0,"atkingCount":0,"atkingEft":0,"atkingRotation":0,"atkingSpeed":0,"atkingX":0,"atkingY":0,"skillId":6,"skillName":"怪物3攻击","skillType":0,"skin":"boss"}]}}