{"res/atlas/game.atlas":["game/",["btn_close.png","head.png","img_gold.png","img_gold_big.png"]],"res/atlas/huhua.atlas":["huhua/",["01.png","02.png","03.png","04.png","05.png","06.png","07.png","08.png","09.png","10.png","11.png","12.png","13.png","14.png","15.png","16.png","17.png","18.png"]],"res/atlas/led/chaoxi.atlas":["led/chaoxi/",["1.png","10.png","2.png","3.png","4.png","5.png","6.png","7.png","8.png","9.png"]],"res/atlas/led/xuhua.atlas":["led/xuhua/",["x1.png","x2.png","x3.png","x4.png","x5.png","x6.png","x7.png"]],"res/atlas/loading.atlas":["loading/",["btn_close.png","btn_close_loading.png","btn_confirm.png","img_loading_cell.png","img_loading_desc.png","img_logo.png","img_msg_bg.png","img_msg_title.png"]],"res/atlas/mining.atlas":["mining/",["btn_close.png","btn_come2.png","btn_hbo.png","btn_kx.png","btn_ljdh.png","btn_menu1.png","btn_menu1_sel.png","btn_menu2.png","btn_menu2_sel.png","btn_menu3.png","btn_menu3_sel.png","btn_mingtianzailai.png","btn_out.png","btn_qr.png","btn_queding.png","btn_quxiao.png","img_bag.png","img_bg_12.png","img_bg_12_2.png","img_bg_24_3.png","img_bg_30_2.png","img_bg_30_4.png","img_bg_60_4.png","img_bg_60_5.png","img_bugItem.png","img_bz.png","img_bzt.png","img_dikuang_xiao.png","img_exchanged.png","img_go_exchange.png","img_gold.png","img_gold_x.png","img_heidi.png","img_icon_bg.png","img_icon_bg_2.png","img_icon_yuan.png","img_item_bg_sel.png","img_jingbian.png","img_kuang1.png","img_logo.png","img_menu_status.png","img_mohu.png","img_navbar.png","img_notice_circle.png","img_number0.png","img_number1.png","img_number2.png","img_number3.png","img_number4.png","img_number5.png","img_number6.png","img_number8.png","img_number9.png","img_rank_box1.png","img_rank_box2.png","img_rank_item_bg.png","img_record_item_bg.png","img_record_no.png","img_scroll_d.png","img_scroll_g.png","img_scroll_h.png","img_scroll_red.png","img_shadow.png","img_take_off.png","img_tip.png","img_xiaoren.png","img_xuezi.png","img_ydb.png","vscroll$bar.png","vscroll$down.png","vscroll$up.png","vscroll.png"]],"res/atlas/mining_frame.atlas":["mining_frame/",["role1_1.png","role1_10.png","role1_2.png","role1_3.png","role1_4.png","role1_5.png","role1_6.png","role1_7.png","role1_8.png","role1_9.png","role2_1.png","role2_10.png","role2_2.png","role2_3.png","role2_4.png","role2_5.png","role2_6.png","role2_7.png","role2_8.png","role2_9.png","role3_1.png","role3_10.png","role3_2.png","role3_3.png","role3_4.png","role3_5.png","role3_6.png","role3_7.png","role3_8.png","role3_9.png"]]}