{"type":"Box","props":{"y":0,"x":0,"width":957,"var":"box_treasure","renderType":"render","presetID":1,"isPresetRoot":true,"height":247},"compId":15,"child":[{"type":"Label","props":{"y":20,"x":143,"wordWrap":true,"width":640,"valign":"top","presetID":2,"overflow":"hidden","name":"lb_treasure","height":36,"fontSize":30,"font":"SimHei","color":"#fff","bold":true,"alpha":0.85,"align":"left"},"compId":16},{"type":"Label","props":{"y":68,"x":143,"wordWrap":true,"width":642,"valign":"top","text":"￥300","presetID":3,"overflow":"hidden","name":"lb_price","height":33,"fontSize":30,"font":"SimHei","color":"#fff","bold":true,"alpha":0.85,"align":"left"},"compId":17},{"type":"Image","props":{"y":17.5,"x":25,"width":101,"skin":"mining/img_bag.png","presetID":4,"name":"img_treasure","height":83},"compId":18},{"type":"Image","props":{"y":16,"x":829,"width":90,"presetID":5,"name":"img_logo","height":90},"compId":19},{"type":"Image","props":{"y":-2.5,"x":1,"width":101,"scaleY":1.5,"scaleX":1.5,"presetID":6,"name":"img_off","height":83},"compId":20}],"loadList":["mining/img_bag.png"],"loadList3D":[]}