{"type":"Box","props":{"y":0,"x":0,"width":757,"var":"box_treasure2","presetID":1,"isPresetRoot":true,"height":105},"compId":17,"child":[{"type":"Label","props":{"y":12,"x":140,"wordWrap":true,"width":396,"valign":"middle","presetID":2,"overflow":"hidden","name":"lb_treasure","height":40,"fontSize":30,"font":"SimHei","color":"#fff","bold":true,"alpha":0.85,"align":"left"},"compId":13},{"type":"Label","props":{"y":53,"x":140,"wordWrap":true,"width":396,"valign":"middle","text":"￥300","presetID":3,"overflow":"hidden","name":"lb_price","height":40,"fontSize":30,"font":"SimHei","color":"#fff","bold":true,"alpha":0.85,"align":"left"},"compId":14},{"type":"Image","props":{"y":0,"x":0,"width":126,"presetID":4,"name":"img_treasure","height":105,"skin":"mining/img_bag.png"},"compId":15},{"type":"Image","props":{"y":7,"x":667,"width":90,"right":0,"presetID":5,"name":"img_logo","height":90},"compId":16},{"type":"Image","props":{"y":-31,"x":-38,"width":101,"scaleY":2,"scaleX":2,"presetID":6,"name":"img_off","height":83},"compId":18}],"loadList":["mining/img_bag.png"],"loadList3D":[]}