{"type":"Box","props":{"y":0,"x":0,"width":664,"presetID":1,"isPresetRoot":true,"height":171},"compId":64,"child":[{"type":"Image","props":{"y":55,"x":23,"width":60,"skin":"mining/img_gold.png","presetID":2,"height":60},"compId":65},{"type":"Label","props":{"y":60,"x":97,"text":"凸币剩余：","presetID":3,"name":"fontStyle","fontSize":50,"color":"#FDC001"},"compId":66},{"type":"Label","props":{"y":62,"x":337,"width":301,"text":"99000","presetID":4,"name":"goldNumber","height":46,"fontSize":50,"color":"#FDC001"},"compId":67}],"loadList":["mining/img_gold.png"],"loadList3D":[]}