{"type":"Box","props":{"y":0,"x":0,"width":665,"var":"notice","presetID":1,"isPresetRoot":true,"height":171},"compId":54,"child":[{"type":"Label","props":{"y":60,"x":0,"text":"恭喜","presetID":2,"fontSize":50,"color":"#FDC001"},"compId":55},{"type":"Image","props":{"y":53,"x":110,"width":64,"skin":"mining/img_xiaoren.png","presetID":3,"name":"img_user_icon","height":64},"compId":56,"child":[{"type":"Sprite","props":{"y":20,"x":-119,"renderType":"mask","presetID":4},"compId":57,"child":[{"type":"Circle","props":{"y":12,"x":151,"radius":32,"presetID":5,"lineWidth":1,"fillColor":"#ff0000"},"compId":58}]}]},{"type":"Label","props":{"y":61,"x":188,"width":200,"text":"用户","presetID":6,"overflow":"hidden","name":"lab_user_name","height":50,"fontSize":50,"color":"#ffffff","align":"center"},"compId":59},{"type":"Label","props":{"y":61,"x":407,"text":"挖到了凸币","presetID":7,"overflow":"hidden","fontSize":50,"color":"#FDC001"},"compId":60},{"type":"Image","props":{"y":55,"x":665,"width":60,"skin":"mining/img_gold.png","presetID":8,"name":"img_good","height":60},"compId":61},{"type":"Label","props":{"y":61,"x":735,"text":"用户ABCD","presetID":9,"overflow":"hidden","name":"lab_content","fontSize":50,"color":"#FDC001"},"compId":63}],"loadList":["mining/img_xiaoren.png","mining/img_gold.png"],"loadList3D":[]}