{"type":"Box","props":{"y":0,"x":0,"width":665,"var":"notice","presetID":1,"isPresetRoot":true,"height":171},"compId":64,"child":[{"type":"Label","props":{"y":60,"x":0,"text":"恭喜","presetID":2,"left":0,"fontSize":50,"color":"#FDC001"},"compId":65},{"type":"Image","props":{"y":53,"x":109,"width":64,"skin":"mining/img_xiaoren.png","presetID":3,"name":"img_user_icon","height":64},"compId":66,"child":[{"type":"Sprite","props":{"y":20,"x":-119,"renderType":"mask","presetID":4},"compId":67,"child":[{"type":"Circle","props":{"y":12,"x":151,"radius":32,"presetID":5,"lineWidth":1,"fillColor":"#ff0000"},"compId":68}]}]},{"type":"Label","props":{"y":61,"x":187,"width":200,"text":"用户","presetID":6,"overflow":"hidden","name":"lab_user_name","height":50,"fontSize":50,"color":"#ffffff","align":"center"},"compId":69},{"type":"Label","props":{"y":60,"x":407,"text":"挖到了宝藏","presetID":7,"overflow":"hidden","fontSize":50,"color":"#FDC001"},"compId":70},{"type":"Image","props":{"y":46,"x":674,"width":97,"skin":"mining/img_xuezi.png","presetID":8,"name":"img_good","height":80},"compId":71},{"type":"Label","props":{"y":60,"x":789,"text":"用户ABCD++++++++++++++++++++++用户ABCD","presetID":9,"overflow":"hidden","name":"lab_content","fontSize":50,"color":"#ffffff"},"compId":72}],"loadList":["mining/img_xiaoren.png","mining/img_xuezi.png"],"loadList3D":[]}